gender_Male,SeniorCitizen_1,Partner_Yes,Dependents_Yes,PhoneService_Yes,MultipleLines_No,MultipleLines_No phone service,MultipleLines_Yes,InternetService_DSL,InternetService_Fiber optic,InternetService_No,OnlineSecurity_No,OnlineSecurity_No internet service,OnlineSecurity_Yes,OnlineBackup_No,OnlineBackup_No internet service,OnlineBackup_Yes,DeviceProtection_No,DeviceProtection_No internet service,DeviceProtection_Yes,TechSupport_No,TechSupport_No internet service,TechSupport_Yes,StreamingTV_No,StreamingTV_No internet service,StreamingTV_Yes,StreamingMovies_No,StreamingMovies_No internet service,StreamingMovies_Yes,Contract_Month-to-month,Contract_One year,Contract_Two year,PaperlessBilling_Yes,PaymentMethod_Bank transfer (automatic),PaymentMethod_Credit card (automatic),PaymentMethod_Electronic check,PaymentMethod_Mailed check,tenure,MonthlyCharges,TotalCharges
0,0,1,0,0,0,1,0,1,0,0,1,0,0,0,0,1,1,0,0,1,0,0,1,0,0,1,0,0,1,0,0,1,0,0,1,0,1,29.85,29.85
1,0,0,0,1,1,0,0,1,0,0,0,0,1,1,0,0,0,0,1,1,0,0,1,0,0,1,0,0,0,1,0,0,0,0,0,1,34,56.95,1889.5
1,0,0,0,1,1,0,0,1,0,0,0,0,1,0,0,1,1,0,0,1,0,0,1,0,0,1,0,0,1,0,0,1,0,0,0,1,2,53.85,108.15
1,0,0,0,0,0,1,0,1,0,0,0,0,1,1,0,0,0,0,1,0,0,1,1,0,0,1,0,0,0,1,0,0,1,0,0,0,45,42.3,1840.75
0,0,0,0,1,1,0,0,0,1,0,1,0,0,1,0,0,1,0,0,1,0,0,1,0,0,1,0,0,1,0,0,1,0,0,1,0,2,70.7,151.65
0,0,0,0,1,0,0,1,0,1,0,1,0,0,1,0,0,0,0,1,1,0,0,0,0,1,0,0,1,1,0,0,1,0,0,1,0,8,99.65,820.5
1,0,0,1,1,0,0,1,0,1,0,1,0,0,0,0,1,1,0,0,1,0,0,0,0,1,1,0,0,1,0,0,1,0,1,0,0,22,89.1,1949.4
0,0,0,0,0,0,1,0,1,0,0,0,0,1,1,0,0,1,0,0,1,0,0,1,0,0,1,0,0,1,0,0,0,0,0,0,1,10,29.75,301.9
0,0,1,0,1,0,0,1,0,1,0,1,0,0,1,0,0,0,0,1,0,0,1,0,0,1,0,0,1,1,0,0,1,0,0,1,0,28,104.8,3046.05
1,0,0,1,1,1,0,0,1,0,0,0,0,1,0,0,1,1,0,0,1,0,0,1,0,0,1,0,0,0,1,0,0,1,0,0,0,62,56.15,3487.95
1,0,1,1,1,1,0,0,1,0,0,0,0,1,1,0,0,1,0,0,1,0,0,1,0,0,1,0,0,1,0,0,1,0,0,0,1,13,49.95,587.45
1,0,0,0,1,1,0,0,0,0,1,0,1,0,0,1,0,0,1,0,0,1,0,0,1,0,0,1,0,0,0,1,0,0,1,0,0,16,18.95,326.8
1,0,1,0,1,0,0,1,0,1,0,1,0,0,1,0,0,0,0,1,1,0,0,0,0,1,0,0,1,0,1,0,0,0,1,0,0,58,100.35,5681.1
1,0,0,0,1,0,0,1,0,1,0,1,0,0,0,0,1,0,0,1,1,0,0,0,0,1,0,0,1,1,0,0,1,1,0,0,0,49,103.7,5036.3
1,0,0,0,1,1,0,0,0,1,0,0,0,1,1,0,0,0,0,1,0,0,1,0,0,1,0,0,1,1,0,0,1,0,0,1,0,25,105.5,2686.05
0,0,1,1,1,0,0,1,0,1,0,0,0,1,0,0,1,0,0,1,0,0,1,0,0,1,0,0,1,0,0,1,0,0,1,0,0,69,113.25,7895.15
0,0,0,0,1,1,0,0,0,0,1,0,1,0,0,1,0,0,1,0,0,1,0,0,1,0,0,1,0,0,1,0,0,0,0,0,1,52,20.65,1022.95
1,0,0,1,1,0,0,1,0,1,0,0,0,1,1,0,0,0,0,1,1,0,0,0,0,1,0,0,1,0,0,1,0,1,0,0,0,71,106.7,7382.25
0,0,1,1,1,1,0,0,1,0,0,1,0,0,1,0,0,0,0,1,0,0,1,1,0,0,1,0,0,1,0,0,0,0,1,0,0,10,55.2,528.35
0,0,0,0,1,1,0,0,0,1,0,1,0,0,0,0,1,0,0,1,1,0,0,1,0,0,0,0,1,1,0,0,1,0,0,1,0,21,90.05,1862.9
1,1,0,0,0,0,1,0,1,0,0,1,0,0,1,0,0,0,0,1,1,0,0,1,0,0,0,0,1,1,0,0,1,0,0,1,0,1,39.65,39.65
1,0,1,0,1,1,0,0,0,0,1,0,1,0,0,1,0,0,1,0,0,1,0,0,1,0,0,1,0,0,1,0,0,1,0,0,0,12,19.8,202.25
1,0,0,0,1,1,0,0,0,0,1,0,1,0,0,1,0,0,1,0,0,1,0,0,1,0,0,1,0,1,0,0,0,0,0,0,1,1,20.15,20.15
0,0,1,0,1,0,0,1,1,0,0,1,0,0,0,0,1,1,0,0,0,0,1,1,0,0,1,0,0,0,0,1,1,0,1,0,0,58,59.9,3505.1
1,0,1,1,1,1,0,0,1,0,0,0,0,1,0,0,1,1,0,0,0,0,1,1,0,0,1,0,0,1,0,0,0,0,1,0,0,49,59.6,2970.3
0,0,0,0,1,1,0,0,1,0,0,0,0,1,0,0,1,1,0,0,1,0,0,1,0,0,1,0,0,1,0,0,1,1,0,0,0,30,55.3,1530.6
1,0,1,1,1,0,0,1,0,1,0,1,0,0,0,0,1,1,0,0,1,0,0,0,0,1,0,0,1,1,0,0,1,0,0,1,0,47,99.35,4749.15
1,0,1,1,0,0,1,0,1,0,0,1,0,0,0,0,1,1,0,0,1,0,0,1,0,0,1,0,0,1,0,0,0,0,0,1,0,1,30.2,30.2
1,0,1,0,1,0,0,1,1,0,0,0,0,1,0,0,1,0,0,1,0,0,1,0,0,1,0,0,1,0,0,1,1,0,1,0,0,72,90.25,6369.45
0,0,0,1,1,1,0,0,1,0,0,1,0,0,1,0,0,1,0,0,1,0,0,0,0,1,0,0,1,1,0,0,1,0,0,0,1,17,64.7,1093.1
0,1,1,0,1,0,0,1,0,1,0,0,0,1,0,0,1,0,0,1,0,0,1,1,0,0,1,0,0,0,0,1,1,0,1,0,0,71,96.35,6766.95
1,1,1,0,1,1,0,0,0,1,0,1,0,0,1,0,0,0,0,1,1,0,0,0,0,1,0,0,1,1,0,0,1,0,1,0,0,2,95.5,181.65
0,0,1,1,1,1,0,0,1,0,0,0,0,1,0,0,1,0,0,1,0,0,1,1,0,0,1,0,0,0,1,0,0,0,0,0,1,27,66.15,1874.45
1,0,0,0,1,1,0,0,0,0,1,0,1,0,0,1,0,0,1,0,0,1,0,0,1,0,0,1,0,1,0,0,0,1,0,0,0,1,20.2,20.2
1,1,0,0,1,1,0,0,1,0,0,1,0,0,1,0,0,1,0,0,1,0,0,1,0,0,1,0,0,1,0,0,0,1,0,0,0,1,45.25,45.25
0,0,1,1,1,0,0,1,0,1,0,0,0,1,0,0,1,1,0,0,0,0,1,0,0,1,1,0,0,0,0,1,0,1,0,0,0,72,99.9,7251.7
1,0,0,0,1,1,0,0,0,1,0,1,0,0,1,0,0,1,0,0,1,0,0,1,0,0,1,0,0,1,0,0,1,0,0,1,0,5,69.7,316.9
0,0,0,0,1,1,0,0,0,1,0,1,0,0,1,0,0,0,0,1,1,0,0,1,0,0,1,0,0,1,0,0,1,0,1,0,0,46,74.8,3548.3
1,0,0,0,1,0,0,1,0,1,0,1,0,0,0,0,1,0,0,1,1,0,0,0,0,1,0,0,1,1,0,0,1,0,0,1,0,34,106.35,3549.25
0,0,0,0,1,0,0,1,0,1,0,1,0,0,1,0,0,0,0,1,1,0,0,0,0,1,0,0,1,1,0,0,1,1,0,0,0,11,97.85,1105.4
1,0,1,1,1,1,0,0,1,0,0,1,0,0,0,0,1,1,0,0,1,0,0,1,0,0,1,0,0,0,1,0,0,0,0,0,1,10,49.55,475.7
0,0,1,1,1,0,0,1,1,0,0,0,0,1,0,0,1,1,0,0,1,0,0,0,0,1,1,0,0,0,0,1,1,0,1,0,0,70,69.2,4872.35
0,0,1,1,1,1,0,0,0,0,1,0,1,0,0,1,0,0,1,0,0,1,0,0,1,0,0,1,0,0,1,0,0,0,0,0,1,17,20.75,418.25
0,0,0,0,1,0,0,1,1,0,0,0,0,1,0,0,1,0,0,1,0,0,1,0,0,1,1,0,0,0,0,1,1,0,1,0,0,63,79.85,4861.45
0,0,1,0,1,0,0,1,1,0,0,0,0,1,0,0,1,1,0,0,0,0,1,0,0,1,1,0,0,1,0,0,1,0,0,1,0,13,76.2,981.45
0,0,0,0,1,0,0,1,0,1,0,1,0,0,1,0,0,1,0,0,1,0,0,1,0,0,0,0,1,1,0,0,1,0,0,1,0,49,84.5,3906.7
1,0,0,0,1,1,0,0,1,0,0,1,0,0,0,0,1,1,0,0,1,0,0,1,0,0,1,0,0,1,0,0,0,0,0,0,1,2,49.25,97.0
0,0,0,0,1,1,0,0,0,1,0,1,0,0,1,0,0,1,0,0,1,0,0,0,0,1,1,0,0,1,0,0,1,0,0,1,0,2,80.65,144.15
1,0,0,0,1,0,0,1,1,0,0,0,0,1,1,0,0,1,0,0,0,0,1,0,0,1,0,0,1,0,0,1,1,0,1,0,0,52,79.75,4217.8
0,0,1,1,1,0,0,1,1,0,0,0,0,1,1,0,0,0,0,1,0,0,1,1,0,0,1,0,0,0,0,1,1,0,1,0,0,69,64.15,4254.1
0,1,0,0,1,0,0,1,0,1,0,1,0,0,0,0,1,1,0,0,1,0,0,0,0,1,1,0,0,1,0,0,1,0,0,1,0,43,90.25,3838.75
0,0,0,0,1,1,0,0,0,1,0,0,0,1,0,0,1,1,0,0,1,0,0,0,0,1,0,0,1,1,0,0,1,0,1,0,0,15,99.1,1426.4
